{"cameraMode":{"drawMode":0,"name":"Shaded","section":"Shading Mode"},"sceneLighting":false,"audioPlay":false,"sceneViewState":{"m_AlwaysRefresh":false,"showFog":true,"showSkybox":false,"showFlares":true,"showImageEffects":true,"showParticleSystems":true,"showVisualEffectGraphs":true,"m_FxEnabled":true},"in2DMode":false,"pivot":{"x":0.21887466311454774,"y":0.8367608189582825,"z":1.6476707458496094},"rotation":{"x":0.07042920589447022,"y":-0.019450001418590547,"z":0.001372572616674006,"w":0.9973341822624207},"size":0.5182901620864868,"orthographic":false}