{"cameraMode":{"drawMode":0,"name":"Shaded","section":"Shading Mode"},"sceneLighting":true,"audioPlay":false,"sceneViewState":{"m_AlwaysRefresh":false,"showFog":true,"showSkybox":true,"showFlares":true,"showImageEffects":true,"showParticleSystems":true,"showVisualEffectGraphs":true,"m_FxEnabled":true},"in2DMode":false,"pivot":{"x":2.072504758834839,"y":-19.973705291748048,"z":21.51467514038086},"rotation":{"x":0.25943878293037417,"y":0.02089054509997368,"z":-0.005604584235697985,"w":0.9655283689498901},"size":35.94822692871094,"orthographic":false}